,county,date,num_cases,latitude,longitude
0,Bell,3/20/2020,2,31.008165899999998,-97.43144129999999
1,Bexar,3/20/2020,12,29.426398699999996,-98.5104781
2,Bowie,3/20/2020,1,33.4198886,-94.4479626
3,Brazoria,3/20/2020,3,29.18161,-95.4993375
4,Brazos,3/20/2020,2,30.65215735,-96.38111441360184
5,Cameron,3/20/2020,1,26.129118899999998,-97.41342809999999
6,Collin,3/20/2020,12,33.160962899999994,-96.60609840000001
7,Crane,3/20/2020,1,31.448611800000002,-102.51635440000001
8,Dallas,3/20/2020,22,32.7762719,-96.7968559
9,Denton,3/20/2020,6,33.1838787,-97.1413417
10,DeWitt,3/20/2020,1,29.0931328,-97.31584570000001
11,El Paso,3/20/2020,3,31.7754152,-106.4646348
12,Ellis,3/20/2020,2,32.33478289999999,-96.7920233
13,Fannin,3/20/2020,1,33.5372542,-96.0902822
14,Fort Bend,3/20/2020,11,29.511218,-95.7807348
15,Galveston,3/20/2020,4,29.387225399999995,-94.992736
16,Gregg,3/20/2020,1,32.4492408,-94.8532848
17,Harris,3/20/2020,24,29.811976899999998,-95.3741247
18,Hays,3/20/2020,4,30.0447901,-98.0393127
19,Hockley,3/20/2020,1,33.5714311,-102.3110415
20,Johnson,3/20/2020,2,32.3766071,-97.3568623
21,Lavaca,3/20/2020,1,29.3703333,-96.9334531
22,Lubbock,3/20/2020,1,33.563520600000004,-101.879336
23,Matagorda,3/20/2020,3,28.887982300000004,-96.00350949999999
24,McLennan,3/20/2020,7,31.548769099999998,-97.2189254
25,Medina,3/20/2020,1,29.2836281,-99.11268259999999
26,Montgomery,3/20/2020,4,30.301949,-95.5065944
27,Rusk,3/20/2020,1,32.051377,-94.7906553
28,Smith,3/20/2020,5,32.3402898,-95.25639709999999
29,Tarrant,3/20/2020,5,32.7513658,-97.335696
30,Travis,3/20/2020,21,30.287856899999994,-97.75613919999999
31,Webb,3/20/2020,1,27.698362100000004,-99.2523577
32,Wichita,3/20/2020,1,33.9516534,-98.7088886
33,Williamson,3/20/2020,8,30.658092699999997,-97.60416490000001
34,Pending County Assignment,3/20/2020,19,28.082612,-94.936773
35,Bell,3/21/2020,3,31.0081659,-97.4314413
36,Bexar,3/21/2020,22,29.4263987,-98.5104781
37,Bowie,3/21/2020,1,33.4198886,-94.4479626
38,Brazoria,3/21/2020,4,29.18161,-95.4993375
39,Brazos,3/21/2020,2,30.65215735,-96.38111441360184
40,Brown,3/21/2020,1,31.7525184,-98.9904722
41,Cameron,3/21/2020,1,26.1291189,-97.4134281
42,Castro,3/21/2020,1,34.495253600000005,-102.2592314
43,Collin,3/21/2020,13,33.160962899999994,-96.6060984
44,Crane,3/21/2020,1,31.4486118,-102.5163544
45,Dallas,3/21/2020,29,32.7762719,-96.7968559
46,Deaf Smith,3/21/2020,1,34.9323974,-102.5983118
47,Denton,3/21/2020,9,33.1838787,-97.1413417
48,DeWitt,3/21/2020,1,29.0931328,-97.3158457
49,El Paso,3/21/2020,8,31.7754152,-106.4646348
50,Ellis,3/21/2020,2,32.33478289999999,-96.7920233
51,Fannin,3/21/2020,1,33.5372542,-96.0902822
52,Fort Bend,3/21/2020,11,29.511218,-95.7807348
53,Galveston,3/21/2020,6,29.387225399999995,-94.992736
54,Gregg,3/21/2020,1,32.4492408,-94.8532848
55,Harris,3/21/2020,25,29.8119769,-95.3741247
56,Hays,3/21/2020,5,30.0447901,-98.0393127
57,Hockley,3/21/2020,2,33.5714311,-102.3110415
58,Johnson,3/21/2020,2,32.3766071,-97.3568623
59,Lavaca,3/21/2020,1,29.3703333,-96.9334531
60,Lubbock,3/21/2020,2,33.563520600000004,-101.879336
61,Matagorda,3/21/2020,3,28.887982300000004,-96.0035095
62,McLennan,3/21/2020,7,31.5487691,-97.2189254
63,Medina,3/21/2020,1,29.2836281,-99.1126826
64,Midland,3/21/2020,1,31.9973662,-102.0779482
65,Montgomery,3/21/2020,4,30.301949,-95.5065944
66,Oldham,3/21/2020,1,35.3907651,-102.6193428
67,Potter,3/21/2020,2,35.3683354,-101.8776577
68,Rusk,3/21/2020,1,32.051377,-94.7906553
69,Smith,3/21/2020,5,32.3402898,-95.2563971
70,Tarrant,3/21/2020,8,32.7513658,-97.335696
71,Travis,3/21/2020,22,30.287856899999994,-97.7561392
72,Webb,3/21/2020,2,27.698362100000004,-99.2523577
73,Wichita,3/21/2020,1,33.9516534,-98.7088886
74,Williamson,3/21/2020,8,30.6580927,-97.6041649
75,Pending County Assignment,3/21/2020,83,28.082612,-94.936773
76,Bell,3/22/2020,3,31.008165899999998,-97.43144129999999
77,Bexar,3/22/2020,24,29.426398699999996,-98.5104781
78,Bowie,3/22/2020,1,33.4198886,-94.4479626
79,Brazoria,3/22/2020,12,29.18161,-95.4993375
80,Brazos,3/22/2020,2,30.65215735,-96.38111441360184
81,Brown,3/22/2020,1,31.7525184,-98.99047220000001
82,Cameron,3/22/2020,6,26.129118899999998,-97.41342809999999
83,Castro,3/22/2020,1,34.495253600000005,-102.2592314
84,Chambers,3/22/2020,3,29.7191125,-94.5412295
85,Collin,3/22/2020,21,33.160962899999994,-96.60609840000001
86,Comal,3/22/2020,3,29.797970399999997,-98.2690787
87,Crane,3/22/2020,1,31.448611800000002,-102.51635440000001
88,Dallas,3/22/2020,30,32.7762719,-96.7968559
89,Deaf Smith,3/22/2020,1,34.9323974,-102.5983118
90,Denton,3/22/2020,12,33.1838787,-97.1413417
91,DeWitt,3/22/2020,1,29.0931328,-97.31584570000001
92,El Paso,3/22/2020,6,31.7754152,-106.4646348
93,Ellis,3/22/2020,3,32.33478289999999,-96.7920233
94,Fannin,3/22/2020,1,33.5372542,-96.0902822
95,Fort Bend,3/22/2020,11,29.511218,-95.7807348
96,Galveston,3/22/2020,9,29.387225399999995,-94.992736
97,Gregg,3/22/2020,1,32.4492408,-94.8532848
98,Harris,3/22/2020,27,29.811976899999998,-95.3741247
99,Hays,3/22/2020,6,30.0447901,-98.0393127
100,Hockley,3/22/2020,2,33.5714311,-102.3110415
101,Johnson,3/22/2020,2,32.3766071,-97.3568623
102,Lavaca,3/22/2020,1,29.3703333,-96.9334531
103,Lubbock,3/22/2020,2,33.563520600000004,-101.879336
104,Matagorda,3/22/2020,3,28.887982300000004,-96.00350949999999
105,McLennan,3/22/2020,7,31.548769099999998,-97.2189254
106,Medina,3/22/2020,1,29.2836281,-99.11268259999999
107,Midland,3/22/2020,1,31.997366200000002,-102.07794820000001
108,Montgomery,3/22/2020,4,30.301949,-95.5065944
109,Nueces,3/22/2020,1,27.715377399999998,-97.61999420000001
110,Oldham,3/22/2020,1,35.3907651,-102.6193428
111,Potter,3/22/2020,2,35.3683354,-101.8776577
112,Rusk,3/22/2020,1,32.051377,-94.7906553
113,Smith,3/22/2020,5,32.3402898,-95.25639709999999
114,Tarrant,3/22/2020,8,32.7513658,-97.335696
115,Travis,3/22/2020,22,30.287856899999994,-97.75613919999999
116,Webb,3/22/2020,4,27.698362100000004,-99.2523577
117,Wichita,3/22/2020,3,33.9516534,-98.7088886
118,Williamson,3/22/2020,9,30.658092699999997,-97.60416490000001
119,Pending County Assignment,3/22/2020,69,28.082612,-94.936773
120,Bell,3/23/2020,3,31.0081659,-97.4314413
121,Bexar,3/23/2020,24,29.4263987,-98.5104781
122,Bowie,3/23/2020,1,33.4198886,-94.4479626
123,Brazoria,3/23/2020,12,29.18161,-95.4993375
124,Brazos,3/23/2020,2,30.65215735,-96.38111441360184
125,Brown,3/23/2020,1,31.7525184,-98.9904722
126,Cameron,3/23/2020,6,26.1291189,-97.4134281
127,Castro,3/23/2020,2,34.495253600000005,-102.2592314
128,Chambers,3/23/2020,1,29.7191125,-94.5412295
129,Collin,3/23/2020,24,33.160962899999994,-96.6060984
130,Comal,3/23/2020,3,29.7979704,-98.2690787
131,Crane,3/23/2020,1,31.4486118,-102.5163544
132,Dallas,3/23/2020,33,32.7762719,-96.7968559
133,Deaf Smith,3/23/2020,1,34.9323974,-102.5983118
134,Denton,3/23/2020,12,33.1838787,-97.1413417
135,DeWitt,3/23/2020,1,29.0931328,-97.3158457
136,El Paso,3/23/2020,6,31.7754152,-106.4646348
137,Ellis,3/23/2020,3,32.33478289999999,-96.7920233
138,Falls,3/23/2020,1,31.2320941,-96.9262126
139,Fannin,3/23/2020,1,33.5372542,-96.0902822
140,Fort Bend,3/23/2020,11,29.511218,-95.7807348
141,Galveston,3/23/2020,15,29.387225399999995,-94.992736
142,Gregg,3/23/2020,1,32.4492408,-94.8532848
143,Harris,3/23/2020,27,29.8119769,-95.3741247
144,Hays,3/23/2020,6,30.0447901,-98.0393127
145,Hidalgo,3/23/2020,2,26.3530256,-98.216445
146,Hockley,3/23/2020,3,33.5714311,-102.3110415
147,Johnson,3/23/2020,2,32.3766071,-97.3568623
148,Lavaca,3/23/2020,1,29.3703333,-96.9334531
149,Lubbock,3/23/2020,2,33.563520600000004,-101.879336
150,Matagorda,3/23/2020,3,28.887982300000004,-96.0035095
151,McLennan,3/23/2020,7,31.5487691,-97.2189254
152,Medina,3/23/2020,1,29.2836281,-99.1126826
153,Midland,3/23/2020,1,31.9973662,-102.0779482
154,Montgomery,3/23/2020,4,30.301949,-95.5065944
155,Nueces,3/23/2020,1,27.7153774,-97.6199942
156,Oldham,3/23/2020,1,35.3907651,-102.6193428
157,Parker,3/23/2020,1,32.7599475,-97.7935767
158,Potter,3/23/2020,2,35.3683354,-101.8776577
159,Rusk,3/23/2020,1,32.051377,-94.7906553
160,Smith,3/23/2020,5,32.3402898,-95.2563971
161,Tarrant,3/23/2020,9,32.7513658,-97.335696
162,Travis,3/23/2020,22,30.287856899999994,-97.7561392
163,Webb,3/23/2020,4,27.698362100000004,-99.2523577
164,Wichita,3/23/2020,4,33.9516534,-98.7088886
165,Williamson,3/23/2020,13,30.6580927,-97.6041649
166,Pending County Assignment,3/23/2020,65,28.082612,-94.936773
167,Bell,3/24/2020,4,31.008165899999998,-97.43144129999999
168,Bexar,3/24/2020,32,29.426398699999996,-98.5104781
169,Bowie,3/24/2020,1,33.4198886,-94.4479626
170,Brazoria,3/24/2020,18,29.18161,-95.4993375
171,Brazos,3/24/2020,4,30.65215735,-96.38111441360184
172,Brown,3/24/2020,2,31.7525184,-98.99047220000001
173,Cameron,3/24/2020,6,26.129118899999998,-97.41342809999999
174,Castro,3/24/2020,2,34.495253600000005,-102.2592314
175,Chambers,3/24/2020,2,29.7191125,-94.5412295
176,Collin,3/24/2020,24,33.160962899999994,-96.60609840000001
177,Comal,3/24/2020,3,29.797970399999997,-98.2690787
178,Crane,3/24/2020,1,31.448611800000002,-102.51635440000001
179,Dallas,3/24/2020,34,32.7762719,-96.7968559
180,Deaf Smith,3/24/2020,2,34.9323974,-102.5983118
181,Denton,3/24/2020,20,33.1838787,-97.1413417
182,DeWitt,3/24/2020,1,29.0931328,-97.31584570000001
183,El Paso,3/24/2020,7,31.7754152,-106.4646348
184,Ellis,3/24/2020,5,32.33478289999999,-96.7920233
185,Falls,3/24/2020,1,31.232094099999998,-96.9262126
186,Fannin,3/24/2020,1,33.5372542,-96.0902822
187,Fort Bend,3/24/2020,11,29.511218,-95.7807348
188,Galveston,3/24/2020,15,29.387225399999995,-94.992736
189,Grayson,3/24/2020,1,33.5636114,-96.67021109999999
190,Gregg,3/24/2020,1,32.4492408,-94.8532848
191,Harris,3/24/2020,27,29.811976899999998,-95.3741247
192,Hays,3/24/2020,6,30.0447901,-98.0393127
193,Hidalgo,3/24/2020,2,26.3530256,-98.216445
194,Hockley,3/24/2020,3,33.5714311,-102.3110415
195,Johnson,3/24/2020,2,32.3766071,-97.3568623
196,Lavaca,3/24/2020,1,29.3703333,-96.9334531
197,Lubbock,3/24/2020,2,33.563520600000004,-101.879336
198,Matagorda,3/24/2020,3,28.887982300000004,-96.00350949999999
199,McLennan,3/24/2020,7,31.548769099999998,-97.2189254
200,Medina,3/24/2020,1,29.2836281,-99.11268259999999
201,Midland,3/24/2020,1,31.997366200000002,-102.07794820000001
202,Montgomery,3/24/2020,4,30.301949,-95.5065944
203,Nueces,3/24/2020,1,27.715377399999998,-97.61999420000001
204,Oldham,3/24/2020,1,35.3907651,-102.6193428
205,Parker,3/24/2020,1,32.759947499999996,-97.7935767
206,Potter,3/24/2020,2,35.3683354,-101.8776577
207,Rusk,3/24/2020,1,32.051377,-94.7906553
208,Smith,3/24/2020,5,32.3402898,-95.25639709999999
209,Tarrant,3/24/2020,35,32.7513658,-97.335696
210,Travis,3/24/2020,22,30.287856899999994,-97.75613919999999
211,Webb,3/24/2020,5,27.698362100000004,-99.2523577
212,Wichita,3/24/2020,4,33.9516534,-98.7088886
213,Williamson,3/24/2020,13,30.658092699999997,-97.60416490000001
214,Pending County Assignment,3/24/2020,63,28.082612,-94.936773
215,Dallas,3/25/2020,169,32.7762719,-96.7968559
216,Harris,3/25/2020,134,29.8119769,-95.3741247
217,Travis,3/25/2020,98,30.287856899999994,-97.7561392
218,Tarrant,3/25/2020,71,32.7513658,-97.335696
219,Bexar,3/25/2020,69,29.4263987,-98.5104781
220,Fort Bend,3/25/2020,46,29.511218,-95.7807348
221,Collin,3/25/2020,45,33.160962899999994,-96.6060984
222,Denton,3/25/2020,30,33.1838787,-97.1413417
223,McLennan,3/25/2020,23,31.5487691,-97.2189254
224,Montgomery,3/25/2020,23,30.301949,-95.5065944
225,Galveston,3/25/2020,21,29.387225399999995,-94.992736
226,Brazoria,3/25/2020,19,29.18161,-95.4993375
227,Williamson,3/25/2020,19,30.6580927,-97.6041649
228,Bell,3/25/2020,18,31.0081659,-97.4314413
229,Brazos,3/25/2020,16,30.65215735,-96.38111441360184
230,Smith,3/25/2020,14,32.3402898,-95.2563971
231,Lubbock,3/25/2020,12,33.563520600000004,-101.879336
232,El Paso,3/25/2020,11,31.7754152,-106.4646348
233,Nueces,3/25/2020,10,27.7153774,-97.6199942
234,Webb,3/25/2020,8,27.698362100000004,-99.2523577
235,Hays,3/25/2020,7,30.0447901,-98.0393127
236,Cameron,3/25/2020,6,26.1291189,-97.4134281
237,Ellis,3/25/2020,6,32.33478289999999,-96.7920233
238,Matagorda,3/25/2020,6,28.887982300000004,-96.0035095
239,Comal,3/25/2020,5,29.7979704,-98.2690787
240,Wichita,3/25/2020,5,33.9516534,-98.7088886
241,Guadalupe,3/25/2020,4,29.6480061,-97.8279576
242,Castro,3/25/2020,3,34.495253600000005,-102.2592314
243,Hockley,3/25/2020,3,33.5714311,-102.3110415
244,Jefferson,3/25/2020,3,29.834772,-94.1704496
245,Johnson,3/25/2020,3,32.3766071,-97.3568623
246,Midland,3/25/2020,3,31.9973662,-102.0779482
247,Wharton,3/25/2020,3,29.2454534,-96.2291474
248,Atascosa,3/25/2020,2,28.8554434,-98.5316314
249,Brown,3/25/2020,2,31.7525184,-98.9904722
250,Deaf Smith,3/25/2020,2,34.9323974,-102.5983118
251,Eastland,3/25/2020,2,32.2978594,-98.8630896
252,Grayson,3/25/2020,2,33.5636114,-96.6702111
253,Grimes,3/25/2020,2,30.5169334,-95.9943034
254,Hardin,3/25/2020,2,30.3049642,-94.403904
255,Hidalgo,3/25/2020,2,26.3530256,-98.216445
256,Kaufman,3/25/2020,2,32.619916100000005,-96.2967512
257,Kendall,3/25/2020,2,29.943885,-98.7258845
258,Milam,3/25/2020,2,30.7626867,-96.9981706
259,Potter,3/25/2020,2,35.3683354,-101.8776577
260,Austin,3/25/2020,1,30.2711286,-97.7436995
261,Bastrop,3/25/2020,1,30.0900753,-97.3127179
262,Blanco,3/25/2020,1,30.2419274,-98.4004594
263,Bowie,3/25/2020,1,33.4198886,-94.4479626
264,Burnet,3/25/2020,1,30.7763939,-98.1700016
265,Cass,3/25/2020,1,33.056085700000004,-94.3510366
266,Chambers,3/25/2020,1,29.7191125,-94.5412295
267,Coryell,3/25/2020,1,31.3689333,-97.8184077
268,Crane,3/25/2020,1,31.4486118,-102.5163544
269,De Witt,3/25/2020,1,41.8233618,-90.5381917
270,Erath,3/25/2020,1,32.195485600000005,-98.2213499
271,Falls,3/25/2020,1,31.2320941,-96.9262126
272,Fannin,3/25/2020,1,33.5372542,-96.0902822
273,Fayette,3/25/2020,1,29.8381635,-96.9559692
274,Gaines,3/25/2020,1,32.7044935,-102.6220553
275,Gregg,3/25/2020,1,32.4492408,-94.8532848
276,Hopkins,3/25/2020,1,33.1368252,-95.5656578
277,Hunt,3/25/2020,1,33.1161567,-96.0808922
278,Lamar,3/25/2020,1,33.6383552,-95.582343
279,Lavaca,3/25/2020,1,29.3703333,-96.9334531
280,Liberty,3/25/2020,1,30.085673600000003,-94.7856262
281,Limestone,3/25/2020,1,31.5261854,-96.580617
282,Llano,3/25/2020,1,30.6663312,-98.6970374
283,Maverick,3/25/2020,1,28.792861,-100.3110817
284,Medina,3/25/2020,1,29.2836281,-99.1126826
285,Morris,3/25/2020,1,33.073863300000006,-94.7392197
286,Oldham,3/25/2020,1,35.3907651,-102.6193428
287,Orange,3/25/2020,1,30.1228634,-93.9041169
288,Parker,3/25/2020,1,32.7599475,-97.7935767
289,Robertson,3/25/2020,1,31.03390580000001,-96.5079742
290,Rusk,3/25/2020,1,32.051377,-94.7906553
291,Terry,3/25/2020,1,33.151425399999994,-102.3328121
292,Tom Green,3/25/2020,1,31.3782559,-100.4133839
293,Upshur,3/25/2020,1,32.7263725,-94.9286251
294,Van Zandt,3/25/2020,1,32.5375642,-95.8292165
295,Walker,3/25/2020,1,30.679574100000004,-95.5522823
296,Wilson,3/25/2020,1,29.1589961,-98.1251465
297,Dallas,3/26/2020,303,32.7762719,-96.7968559
298,Harris,3/26/2020,185,29.811976899999998,-95.3741247
299,Travis,3/26/2020,119,30.287856899999994,-97.75613919999999
300,Tarrant,3/26/2020,90,32.7513658,-97.335696
301,Bexar,3/26/2020,84,29.426398699999996,-98.5104781
302,Denton,3/26/2020,70,33.1838787,-97.1413417
303,Fort Bend,3/26/2020,54,29.511218,-95.7807348
304,Collin,3/26/2020,53,33.160962899999994,-96.60609840000001
305,Brazoria,3/26/2020,33,29.18161,-95.4993375
306,Montgomery,3/26/2020,31,30.301949,-95.5065944
307,McLennan,3/26/2020,28,31.548769099999998,-97.2189254
308,Galveston,3/26/2020,27,29.387225399999995,-94.992736
309,Williamson,3/26/2020,22,30.658092699999997,-97.60416490000001
310,Brazos,3/26/2020,21,30.65215735,-96.38111441360184
311,El Paso,3/26/2020,21,31.7754152,-106.4646348
312,Bell,3/26/2020,19,31.008165899999998,-97.43144129999999
313,Lubbock,3/26/2020,19,33.563520600000004,-101.879336
314,Smith,3/26/2020,16,32.3402898,-95.25639709999999
315,Nueces,3/26/2020,14,27.715377399999998,-97.61999420000001
316,Webb,3/26/2020,10,27.698362100000004,-99.2523577
317,Hays,3/26/2020,9,30.0447901,-98.0393127
318,Matagorda,3/26/2020,9,28.887982300000004,-96.00350949999999
319,Guadalupe,3/26/2020,8,29.6480061,-97.82795759999999
320,Wichita,3/26/2020,8,33.9516534,-98.7088886
321,Cameron,3/26/2020,7,26.129118899999998,-97.41342809999999
322,Comal,3/26/2020,7,29.797970399999997,-98.2690787
323,Hidalgo,3/26/2020,7,26.3530256,-98.216445
324,Jefferson,3/26/2020,7,29.834771999999997,-94.1704496
325,Castro,3/26/2020,6,34.495253600000005,-102.2592314
326,Ellis,3/26/2020,6,32.33478289999999,-96.7920233
327,Hockley,3/26/2020,5,33.5714311,-102.3110415
328,Midland,3/26/2020,4,31.997366200000002,-102.07794820000001
329,Brown,3/26/2020,3,31.7525184,-98.99047220000001
330,Gregg,3/26/2020,3,32.4492408,-94.8532848
331,Johnson,3/26/2020,3,32.3766071,-97.3568623
332,Kendall,3/26/2020,3,29.943884999999998,-98.72588449999999
333,Terry,3/26/2020,3,33.151425399999994,-102.3328121
334,Victoria,3/26/2020,3,28.802644300000004,-96.9766308
335,Walker,3/26/2020,3,30.679574100000004,-95.5522823
336,Wharton,3/26/2020,3,29.2454534,-96.2291474
337,Atascosa,3/26/2020,2,28.855443400000002,-98.5316314
338,Bastrop,3/26/2020,2,30.090075300000002,-97.3127179
339,Calhoun,3/26/2020,2,28.503157199999997,-96.6736551
340,Chambers,3/26/2020,2,29.7191125,-94.5412295
341,Deaf Smith,3/26/2020,2,34.9323974,-102.5983118
342,De Witt,3/26/2020,2,41.823361799999994,-90.5381917
343,Eastland,3/26/2020,2,32.2978594,-98.8630896
344,Grayson,3/26/2020,2,33.5636114,-96.67021109999999
345,Grimes,3/26/2020,2,30.516933399999996,-95.9943034
346,Hardin,3/26/2020,2,30.3049642,-94.403904
347,Kaufman,3/26/2020,2,32.619916100000005,-96.2967512
348,Llano,3/26/2020,2,30.6663312,-98.69703740000001
349,Milam,3/26/2020,2,30.762686699999996,-96.9981706
350,Parker,3/26/2020,2,32.759947499999996,-97.7935767
351,Potter,3/26/2020,2,35.3683354,-101.8776577
352,Rockwall,3/26/2020,2,32.8923464,-96.4066987
353,Rusk,3/26/2020,2,32.051377,-94.7906553
354,Tom Green,3/26/2020,2,31.3782559,-100.4133839
355,Angelina,3/26/2020,1,31.254454499999998,-94.6181177
356,Austin,3/26/2020,1,30.2711286,-97.7436995
357,Blanco,3/26/2020,1,30.241927399999998,-98.4004594
358,Bowie,3/26/2020,1,33.4198886,-94.4479626
359,Burnet,3/26/2020,1,30.776393900000002,-98.17000159999999
360,Cass,3/26/2020,1,33.056085700000004,-94.35103659999999
361,Coryell,3/26/2020,1,31.3689333,-97.81840770000001
362,Crane,3/26/2020,1,31.448611800000002,-102.51635440000001
363,Erath,3/26/2020,1,32.195485600000005,-98.2213499
364,Falls,3/26/2020,1,31.232094099999998,-96.9262126
365,Fannin,3/26/2020,1,33.5372542,-96.0902822
366,Fayette,3/26/2020,1,29.8381635,-96.9559692
367,Gaines,3/26/2020,1,32.7044935,-102.6220553
368,Hopkins,3/26/2020,1,33.1368252,-95.5656578
369,Hunt,3/26/2020,1,33.1161567,-96.08089220000001
370,Jackson,3/26/2020,1,28.9224028,-96.55561
371,Karnes,3/26/2020,1,28.879185800000002,-97.9062893
372,Lamar,3/26/2020,1,33.6383552,-95.58234300000001
373,Lavaca,3/26/2020,1,29.3703333,-96.9334531
374,Liberty,3/26/2020,1,30.085673600000003,-94.7856262
375,Limestone,3/26/2020,1,31.5261854,-96.580617
376,Martin,3/26/2020,1,31.8160381,-99.51209859999999
377,Maverick,3/26/2020,1,28.792861,-100.3110817
378,Medina,3/26/2020,1,29.2836281,-99.11268259999999
379,Morris,3/26/2020,1,33.073863300000006,-94.7392197
380,Nacogdoches,3/26/2020,1,31.59705030000001,-94.59274509999999
381,Oldham,3/26/2020,1,35.3907651,-102.6193428
382,Orange,3/26/2020,1,30.122863399999996,-93.9041169
383,Robertson,3/26/2020,1,31.03390580000001,-96.5079742
384,San Patricio,3/26/2020,1,27.997322600000004,-97.51304559999998
385,Upshur,3/26/2020,1,32.7263725,-94.92862509999999
386,Val Verde,3/26/2020,1,29.915328600000002,-101.12846309999999
387,Van Zandt,3/26/2020,1,32.5375642,-95.8292165
388,Wilson,3/26/2020,1,29.1589961,-98.1251465
389,Dallas,3/27/2020,367,32.7762719,-96.7968559
390,Harris,3/27/2020,203,29.8119769,-95.3741247
391,Travis,3/27/2020,137,30.287856899999994,-97.7561392
392,Bexar,3/27/2020,113,29.4263987,-98.5104781
393,Tarrant,3/27/2020,100,32.7513658,-97.335696
394,Collin,3/27/2020,88,33.160962899999994,-96.6060984
395,Fort Bend,3/27/2020,86,29.511218,-95.7807348
396,Denton,3/27/2020,83,33.1838787,-97.1413417
397,Montgomery,3/27/2020,41,30.301949,-95.5065944
398,Galveston,3/27/2020,40,29.387225399999995,-94.992736
399,Brazoria,3/27/2020,39,29.18161,-95.4993375
400,McLennan,3/27/2020,33,31.5487691,-97.2189254
401,Brazos,3/27/2020,30,30.65215735,-96.38111441360184
402,Williamson,3/27/2020,27,30.6580927,-97.6041649
403,Lubbock,3/27/2020,23,33.563520600000004,-101.879336
404,El Paso,3/27/2020,21,31.7754152,-106.4646348
405,Smith,3/27/2020,21,32.3402898,-95.2563971
406,Bell,3/27/2020,20,31.0081659,-97.4314413
407,Nueces,3/27/2020,18,27.7153774,-97.6199942
408,Hays,3/27/2020,13,30.0447901,-98.0393127
409,Webb,3/27/2020,13,27.698362100000004,-99.2523577
410,Wichita,3/27/2020,12,33.9516534,-98.7088886
411,Hidalgo,3/27/2020,11,26.3530256,-98.216445
412,Cameron,3/27/2020,10,26.1291189,-97.4134281
413,Ellis,3/27/2020,10,32.33478289999999,-96.7920233
414,Comal,3/27/2020,9,29.7979704,-98.2690787
415,Matagorda,3/27/2020,9,28.887982300000004,-96.0035095
416,Guadalupe,3/27/2020,8,29.6480061,-97.8279576
417,Jefferson,3/27/2020,8,29.834772,-94.1704496
418,Castro,3/27/2020,7,34.495253600000005,-102.2592314
419,Johnson,3/27/2020,6,32.3766071,-97.3568623
420,Midland,3/27/2020,6,31.9973662,-102.0779482
421,Hockley,3/27/2020,5,33.5714311,-102.3110415
422,Gregg,3/27/2020,4,32.4492408,-94.8532848
423,Hardin,3/27/2020,4,30.3049642,-94.403904
424,Kendall,3/27/2020,4,29.943885,-98.7258845
425,Brown,3/27/2020,3,31.7525184,-98.9904722
426,De Witt,3/27/2020,3,41.8233618,-90.5381917
427,Medina,3/27/2020,3,29.2836281,-99.1126826
428,Rockwall,3/27/2020,3,32.8923464,-96.4066987
429,Victoria,3/27/2020,3,28.802644300000004,-96.9766308
430,Wharton,3/27/2020,3,29.2454534,-96.2291474
431,Angelina,3/27/2020,2,31.2544545,-94.6181177
432,Atascosa,3/27/2020,2,28.8554434,-98.5316314
433,Bastrop,3/27/2020,2,30.0900753,-97.3127179
434,Bowie,3/27/2020,2,33.4198886,-94.4479626
435,Calhoun,3/27/2020,2,28.5031572,-96.6736551
436,Chambers,3/27/2020,2,29.7191125,-94.5412295
437,Deaf Smith,3/27/2020,2,34.9323974,-102.5983118
438,Eastland,3/27/2020,2,32.2978594,-98.8630896
439,Grayson,3/27/2020,2,33.5636114,-96.6702111
440,Grimes,3/27/2020,2,30.5169334,-95.9943034
441,Hood,3/27/2020,2,32.4107555,-97.828282
442,Kaufman,3/27/2020,2,32.619916100000005,-96.2967512
443,Liberty,3/27/2020,2,30.085673600000003,-94.7856262
444,Llano,3/27/2020,2,30.6663312,-98.6970374
445,Milam,3/27/2020,2,30.7626867,-96.9981706
446,Parker,3/27/2020,2,32.7599475,-97.7935767
447,Rusk,3/27/2020,2,32.051377,-94.7906553
448,Starr,3/27/2020,2,26.5630409,-98.7479897
449,Tom Green,3/27/2020,2,31.3782559,-100.4133839
450,Val Verde,3/27/2020,2,29.9153286,-101.1284631
451,Walker,3/27/2020,2,30.679574100000004,-95.5522823
452,Austin,3/27/2020,1,30.2711286,-97.7436995
453,Blanco,3/27/2020,1,30.2419274,-98.4004594
454,Burnet,3/27/2020,1,30.7763939,-98.1700016
455,Cass,3/27/2020,1,33.056085700000004,-94.3510366
456,Cherokee,3/27/2020,1,31.8390826,-95.1791849
457,Coryell,3/27/2020,1,31.3689333,-97.8184077
458,Crane,3/27/2020,1,31.4486118,-102.5163544
459,Erath,3/27/2020,1,32.195485600000005,-98.2213499
460,Falls,3/27/2020,1,31.2320941,-96.9262126
461,Fannin,3/27/2020,1,33.5372542,-96.0902822
462,Fayette,3/27/2020,1,29.8381635,-96.9559692
463,Gaines,3/27/2020,1,32.7044935,-102.6220553
464,Hale,3/27/2020,1,34.03212979999999,-101.8088827
465,Harrison,3/27/2020,1,32.5233959,-94.3982158
466,Hopkins,3/27/2020,1,33.1368252,-95.5656578
467,Hunt,3/27/2020,1,33.1161567,-96.0808922
468,Jackson,3/27/2020,1,28.9224028,-96.55561
469,Karnes,3/27/2020,1,28.8791858,-97.9062893
470,Lamar,3/27/2020,1,33.6383552,-95.582343
471,Lavaca,3/27/2020,1,29.3703333,-96.9334531
472,Limestone,3/27/2020,1,31.5261854,-96.580617
473,Martin,3/27/2020,1,31.8160381,-99.5120986
474,Maverick,3/27/2020,1,28.792861,-100.3110817
475,Montague,3/27/2020,1,33.6205753,-97.7215754
476,Morris,3/27/2020,1,33.073863300000006,-94.7392197
477,Nacogdoches,3/27/2020,1,31.59705030000001,-94.5927451
478,Navarro,3/27/2020,1,32.027952500000005,-96.4985456
479,Oldham,3/27/2020,1,35.3907651,-102.6193428
480,Orange,3/27/2020,1,30.1228634,-93.9041169
481,Potter,3/27/2020,1,35.3683354,-101.8776577
482,Robertson,3/27/2020,1,31.03390580000001,-96.5079742
483,San Patricio,3/27/2020,1,27.997322600000004,-97.51304559999998
484,Shelby,3/27/2020,1,31.7716364,-94.1301652
485,Taylor,3/27/2020,1,32.27931210000001,-99.8812612
486,Terry,3/27/2020,1,33.151425399999994,-102.3328121
487,Upshur,3/27/2020,1,32.7263725,-94.9286251
488,Uvalde,3/27/2020,1,29.300357,-99.7733181
489,Van Zandt,3/27/2020,1,32.5375642,-95.8292165
490,Willacy,3/27/2020,1,26.4553947,-97.5947484
491,Wilson,3/27/2020,1,29.1589961,-98.1251465
492,Yoakum,3/27/2020,1,33.1536951,-102.833579
493,Young,3/27/2020,1,33.1508315,-98.6962766
494,Dallas,3/28/2020,367,32.7762719,-96.7968559
495,Harris,3/28/2020,229,29.811976899999998,-95.3741247
496,Travis,3/28/2020,160,30.287856899999994,-97.75613919999999
497,Denton,3/28/2020,137,33.1838787,-97.1413417
498,Bexar,3/28/2020,125,29.426398699999996,-98.5104781
499,Collin,3/28/2020,118,33.160962899999994,-96.60609840000001
500,Tarrant,3/28/2020,114,32.7513658,-97.335696
501,Fort Bend,3/28/2020,101,29.511218,-95.7807348
502,Brazoria,3/28/2020,52,29.18161,-95.4993375
503,Galveston,3/28/2020,49,29.387225399999995,-94.992736
504,Montgomery,3/28/2020,47,30.301949,-95.5065944
505,Brazos,3/28/2020,36,30.65215735,-96.38111441360184
506,McLennan,3/28/2020,34,31.548769099999998,-97.2189254
507,Williamson,3/28/2020,34,30.658092699999997,-97.60416490000001
508,El Paso,3/28/2020,31,31.7754152,-106.4646348
509,Lubbock,3/28/2020,31,33.563520600000004,-101.879336
510,Bell,3/28/2020,28,31.008165899999998,-97.43144129999999
511,Smith,3/28/2020,27,32.3402898,-95.25639709999999
512,Nueces,3/28/2020,20,27.715377399999998,-97.61999420000001
513,Webb,3/28/2020,19,27.698362100000004,-99.2523577
514,Hidalgo,3/28/2020,18,26.3530256,-98.216445
515,Wichita,3/28/2020,15,33.9516534,-98.7088886
516,Cameron,3/28/2020,13,26.129118899999998,-97.41342809999999
517,Ellis,3/28/2020,13,32.33478289999999,-96.7920233
518,Hays,3/28/2020,13,30.0447901,-98.0393127
519,Jefferson,3/28/2020,12,29.834771999999997,-94.1704496
520,Matagorda,3/28/2020,10,28.887982300000004,-96.00350949999999
521,Comal,3/28/2020,9,29.797970399999997,-98.2690787
522,Castro,3/28/2020,8,34.495253600000005,-102.2592314
523,Guadalupe,3/28/2020,8,29.6480061,-97.82795759999999
524,Johnson,3/28/2020,8,32.3766071,-97.3568623
525,Midland,3/28/2020,8,31.997366200000002,-102.07794820000001
526,Hockley,3/28/2020,7,33.5714311,-102.3110415
527,Hardin,3/28/2020,6,30.3049642,-94.403904
528,Kendall,3/28/2020,6,29.943884999999998,-98.72588449999999
529,Washington,3/28/2020,5,30.22263520000001,-96.39361140000001
530,Bastrop,3/28/2020,4,30.090075300000002,-97.3127179
531,Gregg,3/28/2020,4,32.4492408,-94.8532848
532,Parker,3/28/2020,4,32.759947499999996,-97.7935767
533,Val Verde,3/28/2020,4,29.915328600000002,-101.12846309999999
534,Bowie,3/28/2020,3,33.4198886,-94.4479626
535,Brown,3/28/2020,3,31.7525184,-98.99047220000001
536,Calhoun,3/28/2020,3,28.503157199999997,-96.6736551
537,Chambers,3/28/2020,3,29.7191125,-94.5412295
538,De Witt,3/28/2020,3,41.823361799999994,-90.5381917
539,Eastland,3/28/2020,3,32.2978594,-98.8630896
540,Hood,3/28/2020,3,32.4107555,-97.828282
541,Lamar,3/28/2020,3,33.6383552,-95.58234300000001
542,Lavaca,3/28/2020,3,29.3703333,-96.9334531
543,Medina,3/28/2020,3,29.2836281,-99.11268259999999
544,Randall,3/28/2020,3,34.9444713,-101.8850309
545,Rockwall,3/28/2020,3,32.8923464,-96.4066987
546,Tom Green,3/28/2020,3,31.3782559,-100.4133839
547,Victoria,3/28/2020,3,28.802644300000004,-96.9766308
548,Walker,3/28/2020,3,30.679574100000004,-95.5522823
549,Wharton,3/28/2020,3,29.2454534,-96.2291474
550,Atascosa,3/28/2020,2,28.855443400000002,-98.5316314
551,Cass,3/28/2020,2,33.056085700000004,-94.35103659999999
552,Deaf Smith,3/28/2020,2,34.9323974,-102.5983118
553,Grayson,3/28/2020,2,33.5636114,-96.67021109999999
554,Grimes,3/28/2020,2,30.516933399999996,-95.9943034
555,Kaufman,3/28/2020,2,32.619916100000005,-96.2967512
556,Liberty,3/28/2020,2,30.085673600000003,-94.7856262
557,Llano,3/28/2020,2,30.6663312,-98.69703740000001
558,Milam,3/28/2020,2,30.762686699999996,-96.9981706
559,Potter,3/28/2020,2,35.3683354,-101.8776577
560,Robertson,3/28/2020,2,31.03390580000001,-96.5079742
561,Rusk,3/28/2020,2,32.051377,-94.7906553
562,Starr,3/28/2020,2,26.563040899999997,-98.7479897
563,Taylor,3/28/2020,2,32.27931210000001,-99.88126120000001
564,Wilson,3/28/2020,2,29.1589961,-98.1251465
565,Andrews,3/28/2020,1,32.2690953,-102.60424470000001
566,Angelina,3/28/2020,1,31.254454499999998,-94.6181177
567,Austin,3/28/2020,1,30.2711286,-97.7436995
568,Blanco,3/28/2020,1,30.241927399999998,-98.4004594
569,Burleson,3/28/2020,1,30.4764878,-96.6353488
570,Burnet,3/28/2020,1,30.776393900000002,-98.17000159999999
571,Caldwell,3/28/2020,1,29.829897100000004,-97.59596409999999
572,Cherokee,3/28/2020,1,31.8390826,-95.17918490000001
573,Coryell,3/28/2020,1,31.3689333,-97.81840770000001
574,Crane,3/28/2020,1,31.448611800000002,-102.51635440000001
575,Erath,3/28/2020,1,32.195485600000005,-98.2213499
576,Falls,3/28/2020,1,31.232094099999998,-96.9262126
577,Fannin,3/28/2020,1,33.5372542,-96.0902822
578,Fayette,3/28/2020,1,29.8381635,-96.9559692
579,Gaines,3/28/2020,1,32.7044935,-102.6220553
580,Hale,3/28/2020,1,34.03212979999999,-101.8088827
581,Harrison,3/28/2020,1,32.5233959,-94.39821579999999
582,Hopkins,3/28/2020,1,33.1368252,-95.5656578
583,Hunt,3/28/2020,1,33.1161567,-96.08089220000001
584,Jackson,3/28/2020,1,28.9224028,-96.55561
585,Karnes,3/28/2020,1,28.879185800000002,-97.9062893
586,Lamb,3/28/2020,1,34.032166700000005,-102.3429233
587,Limestone,3/28/2020,1,31.5261854,-96.580617
588,Lynn,3/28/2020,1,33.1474257,-101.81259200000001
589,Martin,3/28/2020,1,31.8160381,-99.51209859999999
590,Maverick,3/28/2020,1,28.792861,-100.3110817
591,Montague,3/28/2020,1,33.6205753,-97.7215754
592,Morris,3/28/2020,1,33.073863300000006,-94.7392197
593,Nacogdoches,3/28/2020,1,31.59705030000001,-94.59274509999999
594,Navarro,3/28/2020,1,32.027952500000005,-96.49854559999999
595,Oldham,3/28/2020,1,35.3907651,-102.6193428
596,Orange,3/28/2020,1,30.122863399999996,-93.9041169
597,San Patricio,3/28/2020,1,27.997322600000004,-97.51304559999998
598,Shelby,3/28/2020,1,31.7716364,-94.1301652
599,Terry,3/28/2020,1,33.151425399999994,-102.3328121
600,Upshur,3/28/2020,1,32.7263725,-94.92862509999999
601,Uvalde,3/28/2020,1,29.300357,-99.7733181
602,Van Zandt,3/28/2020,1,32.5375642,-95.8292165
603,Willacy,3/28/2020,1,26.4553947,-97.5947484
604,Young,3/28/2020,1,33.1508315,-98.69627659999999
605,Harris,3/29/2020,445,29.8119769,-95.3741247
606,Dallas,3/29/2020,439,32.762040500000005,-96.7790069
607,Travis,3/29/2020,179,30.287856899999994,-97.7561392
608,Denton,3/29/2020,148,33.1838787,-97.1413417
609,Bexar,3/29/2020,140,29.4263987,-98.5104781
610,Tarrant,3/29/2020,139,32.7513658,-97.335696
611,Collin,3/29/2020,128,33.160962899999994,-96.6060984
612,Fort Bend,3/29/2020,101,29.511218,-95.7807348
613,Montgomery,3/29/2020,64,30.301949,-95.5065944
614,Brazoria,3/29/2020,61,29.18161,-95.4993375
615,Galveston,3/29/2020,49,29.387225399999995,-94.992736
616,Lubbock,3/29/2020,41,33.583124100000006,-101.818598
617,Brazos,3/29/2020,40,30.65215735,-96.38111441360184
618,Williamson,3/29/2020,37,30.6580927,-97.6041649
619,McLennan,3/29/2020,36,31.5487691,-97.2189254
620,El Paso,3/29/2020,35,31.8072184,-106.2230394
621,Smith,3/29/2020,30,32.3402898,-95.2563971
622,Bell,3/29/2020,28,31.0081659,-97.4314413
623,Hidalgo,3/29/2020,27,26.3530256,-98.216445
624,Wichita,3/29/2020,26,33.9516534,-98.7088886
625,Webb,3/29/2020,25,27.698362100000004,-99.2523577
626,Nueces,3/29/2020,21,27.7153774,-97.6199942
627,Cameron,3/29/2020,20,26.1291189,-97.4134281
628,Jefferson,3/29/2020,16,29.834772,-94.1704496
629,Ellis,3/29/2020,13,32.33478289999999,-96.7920233
630,Hays,3/29/2020,13,30.0447901,-98.0393127
631,Matagorda,3/29/2020,12,28.887982300000004,-96.0035095
632,Midland,3/29/2020,11,31.83688,-102.0103767
633,Guadalupe,3/29/2020,10,29.6480061,-97.8279576
634,Comal,3/29/2020,9,29.7979704,-98.2690787
635,Hardin,3/29/2020,9,30.3049642,-94.403904
636,Castro,3/29/2020,8,34.495253600000005,-102.2592314
637,Johnson,3/29/2020,8,32.3766071,-97.3568623
638,Hockley,3/29/2020,7,33.5714311,-102.3110415
639,Kendall,3/29/2020,7,29.943885,-98.7258845
640,Taylor,3/29/2020,7,32.27931210000001,-99.8812612
641,Wharton,3/29/2020,6,29.2454534,-96.2291474
642,Bastrop,3/29/2020,5,30.0900753,-97.3127179
643,Val Verde,3/29/2020,5,29.9153286,-101.1284631
644,Washington,3/29/2020,5,30.22263520000001,-96.3936114
645,Gregg,3/29/2020,4,32.4492408,-94.8532848
646,Parker,3/29/2020,4,32.7599475,-97.7935767
647,Potter,3/29/2020,4,35.3683354,-101.8776577
648,Rockwall,3/29/2020,4,32.8923464,-96.4066987
649,Angelina,3/29/2020,3,31.2544545,-94.6181177
650,Bowie,3/29/2020,3,33.4198886,-94.4479626
651,Brown,3/29/2020,3,31.7525184,-98.9904722
652,Calhoun,3/29/2020,3,28.5031572,-96.6736551
653,Chambers,3/29/2020,3,29.7191125,-94.5412295
654,De Witt,3/29/2020,3,41.83662680000001,-90.55221539266815
655,Eastland,3/29/2020,3,32.2978594,-98.8630896
656,Grayson,3/29/2020,3,33.5636114,-96.6702111
657,Lamar,3/29/2020,3,33.6383552,-95.582343
658,Medina,3/29/2020,3,29.2836281,-99.1126826
659,Randall,3/29/2020,3,34.9444713,-101.8850309
660,Rusk,3/29/2020,3,32.051377,-94.7906553
661,Terry,3/29/2020,3,33.151425399999994,-102.3328121
662,Tom Green,3/29/2020,3,31.3782559,-100.4133839
663,Victoria,3/29/2020,3,28.802644300000004,-96.9766308
664,Walker,3/29/2020,3,30.679574100000004,-95.5522823
665,Waller,3/29/2020,3,29.9443902,-95.9955885
666,Atascosa,3/29/2020,2,28.8554434,-98.5316314
667,Austin,3/29/2020,2,29.8916488,-96.2443467
668,Cass,3/29/2020,2,33.056085700000004,-94.3510366
669,Deaf Smith,3/29/2020,2,34.9323974,-102.5983118
670,Grimes,3/29/2020,2,30.5169334,-95.9943034
671,Hood,3/29/2020,2,32.4107555,-97.828282
672,Karnes,3/29/2020,2,28.8791858,-97.9062893
673,Kaufman,3/29/2020,2,32.619916100000005,-96.2967512
674,Liberty,3/29/2020,2,30.085673600000003,-94.7856262
675,Llano,3/29/2020,2,30.6663312,-98.6970374
676,Milam,3/29/2020,2,30.7626867,-96.9981706
677,Nacogdoches,3/29/2020,2,31.59705030000001,-94.5927451
678,Oldham,3/29/2020,2,35.3907651,-102.6193428
679,Robertson,3/29/2020,2,31.03390580000001,-96.5079742
680,Starr,3/29/2020,2,26.5630409,-98.7479897
681,Uvalde,3/29/2020,2,29.300357,-99.7733181
682,Willacy,3/29/2020,2,26.4553947,-97.5947484
683,Wilson,3/29/2020,2,29.1589961,-98.1251465
684,Blanco,3/29/2020,1,30.2419274,-98.4004594
685,Burleson,3/29/2020,1,30.4764878,-96.6353488
686,Burnet,3/29/2020,1,30.7763939,-98.1700016
687,Caldwell,3/29/2020,1,29.829897100000004,-97.5959641
688,Cherokee,3/29/2020,1,31.8390826,-95.1791849
689,Coryell,3/29/2020,1,31.3689333,-97.8184077
690,Crane,3/29/2020,1,31.4486118,-102.5163544
691,Dawson,3/29/2020,1,32.7410762,-101.9576048
692,Ector,3/29/2020,1,31.8941755,-102.5794339
693,Erath,3/29/2020,1,32.195485600000005,-98.2213499
694,Falls,3/29/2020,1,31.2320941,-96.9262126
695,Fannin,3/29/2020,1,33.5372542,-96.0902822
696,Fayette,3/29/2020,1,29.8381635,-96.9559692
697,Franklin,3/29/2020,1,33.155212,-95.2255189
698,Gaines,3/29/2020,1,32.7044935,-102.6220553
699,Hale,3/29/2020,1,34.03212979999999,-101.8088827
700,Harrison,3/29/2020,1,32.5233959,-94.3982158
701,Hopkins,3/29/2020,1,33.1368252,-95.5656578
702,Hunt,3/29/2020,1,33.1161567,-96.0808922
703,Jackson,3/29/2020,1,28.9224028,-96.55561
704,Kleberg,3/29/2020,1,27.3983129,-97.7485096
705,Lamb,3/29/2020,1,34.032166700000005,-102.3429233
706,Lavaca,3/29/2020,1,29.3703333,-96.9334531
707,Limestone,3/29/2020,1,31.5261854,-96.580617
708,Lynn,3/29/2020,1,33.1474257,-101.812592
709,Martin,3/29/2020,1,32.2675039,-101.9190317
710,Maverick,3/29/2020,1,28.792861,-100.3110817
711,Montague,3/29/2020,1,33.6205753,-97.7215754
712,Morris,3/29/2020,1,33.073863300000006,-94.7392197
713,Navarro,3/29/2020,1,32.027952500000005,-96.4985456
714,Orange,3/29/2020,1,30.1228634,-93.9041169
715,Polk,3/29/2020,1,30.7642828,-94.8192175
716,San Jacinto,3/29/2020,1,30.5083577,-95.1902362
717,San Patricio,3/29/2020,1,27.997322600000004,-97.51304559999998
718,Shelby,3/29/2020,1,31.7716364,-94.1301652
719,Swisher,3/29/2020,1,34.47235,-101.7119955
720,Upshur,3/29/2020,1,32.7263725,-94.9286251
721,Van Zandt,3/29/2020,1,32.5375642,-95.8292165
722,Young,3/29/2020,1,33.1508315,-98.6962766
723,Harris,3/30/2020,526,29.811976899999998,-95.3741247
724,Dallas,3/30/2020,488,32.762040500000005,-96.7790069
725,Travis,3/30/2020,200,30.287856899999994,-97.75613919999999
726,Denton,3/30/2020,165,33.1838787,-97.1413417
727,Bexar,3/30/2020,157,29.426398699999996,-98.5104781
728,Tarrant,3/30/2020,139,32.7513658,-97.335696
729,Collin,3/30/2020,134,33.160962899999994,-96.60609840000001
730,Fort Bend,3/30/2020,119,29.511218,-95.7807348
731,Galveston,3/30/2020,70,29.387225399999995,-94.992736
732,Montgomery,3/30/2020,66,30.301949,-95.5065944
733,Brazoria,3/30/2020,61,29.18161,-95.4993375
734,Lubbock,3/30/2020,51,33.583124100000006,-101.818598
735,Brazos,3/30/2020,44,30.65215735,-96.38111441360184
736,El Paso,3/30/2020,40,31.8072184,-106.2230394
737,Williamson,3/30/2020,37,30.658092699999997,-97.60416490000001
738,McLennan,3/30/2020,36,31.548769099999998,-97.2189254
739,Smith,3/30/2020,32,32.3402898,-95.25639709999999
740,Webb,3/30/2020,32,27.698362100000004,-99.2523577
741,Bell,3/30/2020,28,31.008165899999998,-97.43144129999999
742,Hidalgo,3/30/2020,28,26.3530256,-98.216445
743,Wichita,3/30/2020,28,33.9516534,-98.7088886
744,Nueces,3/30/2020,22,27.715377399999998,-97.61999420000001
745,Cameron,3/30/2020,20,26.129118899999998,-97.41342809999999
746,Jefferson,3/30/2020,18,29.834771999999997,-94.1704496
747,Hays,3/30/2020,16,30.0447901,-98.0393127
748,Ellis,3/30/2020,15,32.33478289999999,-96.7920233
749,Guadalupe,3/30/2020,13,29.6480061,-97.82795759999999
750,Matagorda,3/30/2020,13,28.887982300000004,-96.00350949999999
751,Midland,3/30/2020,13,31.836879999999997,-102.0103767
752,Comal,3/30/2020,9,29.797970399999997,-98.2690787
753,Hardin,3/30/2020,9,30.3049642,-94.403904
754,Castro,3/30/2020,8,34.495253600000005,-102.2592314
755,Johnson,3/30/2020,8,32.3766071,-97.3568623
756,Washington,3/30/2020,8,30.22263520000001,-96.39361140000001
757,Hockley,3/30/2020,7,33.5714311,-102.3110415
758,Kendall,3/30/2020,7,29.943884999999998,-98.72588449999999
759,Taylor,3/30/2020,7,32.27931210000001,-99.88126120000001
760,Bastrop,3/30/2020,6,30.090075300000002,-97.3127179
761,Grayson,3/30/2020,6,33.5636114,-96.67021109999999
762,Randall,3/30/2020,6,34.9444713,-101.8850309
763,Victoria,3/30/2020,6,28.802644300000004,-96.9766308
764,Wharton,3/30/2020,6,29.2454534,-96.2291474
765,Chambers,3/30/2020,5,29.7191125,-94.5412295
766,Gregg,3/30/2020,5,32.4492408,-94.8532848
767,Orange,3/30/2020,5,30.122863399999996,-93.9041169
768,Potter,3/30/2020,5,35.3683354,-101.8776577
769,Tom Green,3/30/2020,5,31.3782559,-100.4133839
770,Val Verde,3/30/2020,5,29.915328600000002,-101.12846309999999
771,Bowie,3/30/2020,4,33.4198886,-94.4479626
772,Parker,3/30/2020,4,32.759947499999996,-97.7935767
773,Rockwall,3/30/2020,4,32.8923464,-96.4066987
774,Angelina,3/30/2020,3,31.254454499999998,-94.6181177
775,Brown,3/30/2020,3,31.7525184,-98.99047220000001
776,Calhoun,3/30/2020,3,28.503157199999997,-96.6736551
777,De Witt,3/30/2020,3,41.83662680000001,-90.55221539266815
778,Eastland,3/30/2020,3,32.2978594,-98.8630896
779,Ector,3/30/2020,3,31.8941755,-102.5794339
780,Hood,3/30/2020,3,32.4107555,-97.828282
781,Hunt,3/30/2020,3,33.1161567,-96.08089220000001
782,Kaufman,3/30/2020,3,32.619916100000005,-96.2967512
783,Lamar,3/30/2020,3,33.6383552,-95.58234300000001
784,Llano,3/30/2020,3,30.6663312,-98.69703740000001
785,Medina,3/30/2020,3,29.2836281,-99.11268259999999
786,Navarro,3/30/2020,3,32.027952500000005,-96.49854559999999
787,Rusk,3/30/2020,3,32.051377,-94.7906553
788,Terry,3/30/2020,3,33.151425399999994,-102.3328121
789,Walker,3/30/2020,3,30.679574100000004,-95.5522823
790,Waller,3/30/2020,3,29.9443902,-95.9955885
791,Aransas,3/30/2020,2,28.1987876,-96.94770799999999
792,Atascosa,3/30/2020,2,28.855443400000002,-98.5316314
793,Austin,3/30/2020,2,29.891648800000002,-96.24434670000001
794,Burnet,3/30/2020,2,30.776393900000002,-98.17000159999999
795,Cass,3/30/2020,2,33.056085700000004,-94.35103659999999
796,Deaf Smith,3/30/2020,2,34.9323974,-102.5983118
797,Fayette,3/30/2020,2,29.8381635,-96.9559692
798,Grimes,3/30/2020,2,30.516933399999996,-95.9943034
799,Hopkins,3/30/2020,2,33.1368252,-95.5656578
800,Karnes,3/30/2020,2,28.879185800000002,-97.9062893
801,Liberty,3/30/2020,2,30.085673600000003,-94.7856262
802,Limestone,3/30/2020,2,31.5261854,-96.580617
803,Lynn,3/30/2020,2,33.1474257,-101.81259200000001
804,Milam,3/30/2020,2,30.762686699999996,-96.9981706
805,Nacogdoches,3/30/2020,2,31.59705030000001,-94.59274509999999
806,Oldham,3/30/2020,2,35.3907651,-102.6193428
807,Robertson,3/30/2020,2,31.03390580000001,-96.5079742
808,Shelby,3/30/2020,2,31.7716364,-94.1301652
809,Starr,3/30/2020,2,26.563040899999997,-98.7479897
810,Upshur,3/30/2020,2,32.7263725,-94.92862509999999
811,Uvalde,3/30/2020,2,29.300357,-99.7733181
812,Van Zandt,3/30/2020,2,32.5375642,-95.8292165
813,Willacy,3/30/2020,2,26.4553947,-97.5947484
814,Wilson,3/30/2020,2,29.1589961,-98.1251465
815,Blanco,3/30/2020,1,30.241927399999998,-98.4004594
816,Burleson,3/30/2020,1,30.4764878,-96.6353488
817,Caldwell,3/30/2020,1,29.829897100000004,-97.59596409999999
818,Cherokee,3/30/2020,1,31.8390826,-95.17918490000001
819,Coryell,3/30/2020,1,31.3689333,-97.81840770000001
820,Crane,3/30/2020,1,31.448611800000002,-102.51635440000001
821,Dawson,3/30/2020,1,32.7410762,-101.9576048
822,Erath,3/30/2020,1,32.195485600000005,-98.2213499
823,Falls,3/30/2020,1,31.232094099999998,-96.9262126
824,Fannin,3/30/2020,1,33.5372542,-96.0902822
825,Franklin,3/30/2020,1,33.155212,-95.2255189
826,Gaines,3/30/2020,1,32.7044935,-102.6220553
827,Hale,3/30/2020,1,34.03212979999999,-101.8088827
828,Harrison,3/30/2020,1,32.5233959,-94.39821579999999
829,Hill,3/30/2020,1,31.959508500000002,-97.08816540000001
830,Jackson,3/30/2020,1,28.9224028,-96.55561
831,Jim Wells,3/30/2020,1,27.8067733,-98.10846009999999
832,Kleberg,3/30/2020,1,27.398312899999997,-97.74850959999999
833,Lamb,3/30/2020,1,34.032166700000005,-102.3429233
834,Lavaca,3/30/2020,1,29.3703333,-96.9334531
835,Leon,3/30/2020,1,31.2715127,-95.99533819999999
836,Martin,3/30/2020,1,32.2675039,-101.9190317
837,Maverick,3/30/2020,1,28.792861,-100.3110817
838,Montague,3/30/2020,1,33.6205753,-97.7215754
839,Moore,3/30/2020,1,35.8156121,-101.91043549999999
840,Morris,3/30/2020,1,33.073863300000006,-94.7392197
841,Polk,3/30/2020,1,30.764282799999997,-94.81921750000001
842,San Jacinto,3/30/2020,1,30.508357699999998,-95.1902362
843,San Patricio,3/30/2020,1,27.997322600000004,-97.51304559999998
844,Swisher,3/30/2020,1,34.47235,-101.7119955
845,Wise,3/30/2020,1,33.213921299999996,-97.65639250000001
846,Young,3/30/2020,1,33.1508315,-98.69627659999999
847,Harris,3/31/2020,563,29.811976899999998,-95.3741247
848,Dallas,3/31/2020,549,32.7762719,-96.7968559
849,Travis,3/31/2020,206,30.287856899999994,-97.75613919999999
850,Denton,3/31/2020,191,33.1838787,-97.1413417
851,Tarrant,3/31/2020,175,32.7513658,-97.335696
852,Bexar,3/31/2020,168,29.426398699999996,-98.5104781
853,Collin,3/31/2020,160,33.160962899999994,-96.60609840000001
854,Fort Bend,3/31/2020,119,29.511218,-95.7807348
855,Galveston,3/31/2020,92,29.387225399999995,-94.992736
856,Montgomery,3/31/2020,81,30.301949,-95.5065944
857,Brazoria,3/31/2020,79,29.18161,-95.4993375
858,Lubbock,3/31/2020,77,33.563520600000004,-101.879336
859,Brazos,3/31/2020,46,30.65215735,-96.38111441360184
860,El Paso,3/31/2020,46,31.7754152,-106.4646348
861,Williamson,3/31/2020,42,30.658092699999997,-97.60416490000001
862,McLennan,3/31/2020,39,31.548769099999998,-97.2189254
863,Hidalgo,3/31/2020,38,26.3530256,-98.216445
864,Webb,3/31/2020,37,27.698362100000004,-99.2523577
865,Bell,3/31/2020,36,31.008165899999998,-97.43144129999999
866,Smith,3/31/2020,32,32.3402898,-95.25639709999999
867,Nueces,3/31/2020,31,27.715377399999998,-97.61999420000001
868,Wichita,3/31/2020,30,33.9516534,-98.7088886
869,Cameron,3/31/2020,26,26.129118899999998,-97.41342809999999
870,Hays,3/31/2020,24,30.0447901,-98.0393127
871,Jefferson,3/31/2020,18,29.834772,-94.1704496
872,Ellis,3/31/2020,16,32.33478289999999,-96.7920233
873,Guadalupe,3/31/2020,15,29.6480061,-97.8279576
874,Matagorda,3/31/2020,13,28.887982300000004,-96.00350949999999
875,Midland,3/31/2020,13,31.9973662,-102.0779482
876,Hardin,3/31/2020,12,30.3049642,-94.403904
877,Comal,3/31/2020,11,29.797970399999997,-98.2690787
878,Taylor,3/31/2020,11,32.27931210000001,-99.8812612
879,Bowie,3/31/2020,9,33.4198886,-94.4479626
880,Victoria,3/31/2020,9,28.802644300000004,-96.9766308
881,Castro,3/31/2020,8,34.495253600000005,-102.2592314
882,Chambers,3/31/2020,8,29.7191125,-94.5412295
883,Johnson,3/31/2020,8,32.3766071,-97.3568623
884,Washington,3/31/2020,8,30.22263520000001,-96.39361140000001
885,Ector,3/31/2020,7,31.8941755,-102.5794339
886,Grayson,3/31/2020,7,33.5636114,-96.67021109999999
887,Hockley,3/31/2020,7,33.5714311,-102.3110415
888,Kendall,3/31/2020,7,29.943885,-98.7258845
889,Bastrop,3/31/2020,6,30.0900753,-97.3127179
890,Hood,3/31/2020,6,32.4107555,-97.828282
891,Randall,3/31/2020,6,34.9444713,-101.8850309
892,Tom Green,3/31/2020,6,31.3782559,-100.4133839
893,Wharton,3/31/2020,6,29.2454534,-96.2291474
894,Gregg,3/31/2020,5,32.4492408,-94.8532848
895,Orange,3/31/2020,5,30.1228634,-93.9041169
896,Potter,3/31/2020,5,35.3683354,-101.8776577
897,Rockwall,3/31/2020,5,32.8923464,-96.4066987
898,Val Verde,3/31/2020,5,29.915328600000002,-101.12846309999999
899,Angelina,3/31/2020,4,31.254454499999998,-94.6181177
900,Hunt,3/31/2020,4,33.1161567,-96.0808922
901,Parker,3/31/2020,4,32.7599475,-97.7935767
902,Polk,3/31/2020,4,30.7642828,-94.8192175
903,Terry,3/31/2020,4,33.151425399999994,-102.3328121
904,Brown,3/31/2020,3,31.7525184,-98.9904722
905,Calhoun,3/31/2020,3,28.503157199999997,-96.6736551
906,Dawson,3/31/2020,3,32.7410762,-101.9576048
907,De Witt,3/31/2020,3,41.8233618,-90.5381917
908,Eastland,3/31/2020,3,32.2978594,-98.8630896
909,Grimes,3/31/2020,3,30.5169334,-95.9943034
910,Kaufman,3/31/2020,3,32.619916100000005,-96.2967512
911,Lamar,3/31/2020,3,33.6383552,-95.582343
912,Llano,3/31/2020,3,30.6663312,-98.6970374
913,Medina,3/31/2020,3,29.2836281,-99.11268259999999
914,Navarro,3/31/2020,3,32.027952500000005,-96.4985456
915,Rusk,3/31/2020,3,32.051377,-94.7906553
916,Walker,3/31/2020,3,30.679574100000004,-95.5522823
917,Waller,3/31/2020,3,29.9443902,-95.9955885
918,Wilson,3/31/2020,3,29.1589961,-98.1251465
919,Atascosa,3/31/2020,2,28.8554434,-98.5316314
920,Austin,3/31/2020,2,30.2711286,-97.7436995
921,Burnet,3/31/2020,2,30.7763939,-98.1700016
922,Cass,3/31/2020,2,33.056085700000004,-94.3510366
923,Cherokee,3/31/2020,2,31.8390826,-95.1791849
924,Deaf Smith,3/31/2020,2,34.9323974,-102.5983118
925,Fayette,3/31/2020,2,29.8381635,-96.9559692
926,Hopkins,3/31/2020,2,33.1368252,-95.5656578
927,Karnes,3/31/2020,2,28.879185800000002,-97.9062893
928,Liberty,3/31/2020,2,30.085673600000003,-94.7856262
929,Limestone,3/31/2020,2,31.5261854,-96.580617
930,Lynn,3/31/2020,2,33.1474257,-101.81259200000001
931,Milam,3/31/2020,2,30.7626867,-96.9981706
932,Nacogdoches,3/31/2020,2,31.59705030000001,-94.59274509999999
933,Oldham,3/31/2020,2,35.3907651,-102.6193428
934,Robertson,3/31/2020,2,31.03390580000001,-96.5079742
935,Shelby,3/31/2020,2,31.7716364,-94.1301652
936,Starr,3/31/2020,2,26.5630409,-98.7479897
937,Upshur,3/31/2020,2,32.7263725,-94.9286251
938,Uvalde,3/31/2020,2,29.300357,-99.7733181
939,Van Zandt,3/31/2020,2,32.5375642,-95.8292165
940,Willacy,3/31/2020,2,26.4553947,-97.5947484
941,Blanco,3/31/2020,1,30.2419274,-98.4004594
942,Burleson,3/31/2020,1,30.4764878,-96.6353488
943,Caldwell,3/31/2020,1,29.829897100000004,-97.59596409999999
944,Coryell,3/31/2020,1,31.3689333,-97.8184077
945,Crane,3/31/2020,1,31.448611800000002,-102.51635440000001
946,Erath,3/31/2020,1,32.195485600000005,-98.2213499
947,Falls,3/31/2020,1,31.2320941,-96.9262126
948,Fannin,3/31/2020,1,33.5372542,-96.0902822
949,Franklin,3/31/2020,1,33.155212,-95.2255189
950,Gaines,3/31/2020,1,32.7044935,-102.6220553
951,Hale,3/31/2020,1,34.03212979999999,-101.8088827
952,Harrison,3/31/2020,1,32.5233959,-94.3982158
953,Hill,3/31/2020,1,31.959508500000002,-97.08816540000001
954,Jackson,3/31/2020,1,28.9224028,-96.55561
955,Kleberg,3/31/2020,1,27.3983129,-97.7485096
956,Lamb,3/31/2020,1,34.032166700000005,-102.3429233
957,Lavaca,3/31/2020,1,29.3703333,-96.9334531
958,Leon,3/31/2020,1,31.2715127,-95.99533819999999
959,Martin,3/31/2020,1,31.8160381,-99.51209859999999
960,Maverick,3/31/2020,1,28.792861,-100.3110817
961,Montague,3/31/2020,1,33.6205753,-97.7215754
962,Moore,3/31/2020,1,35.8156121,-101.91043549999999
963,Morris,3/31/2020,1,33.073863300000006,-94.7392197
964,San Jacinto,3/31/2020,1,30.5083577,-95.1902362
965,San Patricio,3/31/2020,1,27.997322600000004,-97.51304559999998
966,Swisher,3/31/2020,1,34.47235,-101.7119955
967,Wise,3/31/2020,1,33.213921299999996,-97.65639250000001
968,Young,3/31/2020,1,33.1508315,-98.6962766
969,Harris,4/1/2020,680,29.811976899999998,-95.3741247
970,Dallas,4/1/2020,631,32.7762719,-96.7968559
971,Tarrant,4/1/2020,273,32.7513658,-97.335696
972,Travis,4/1/2020,244,30.287856899999994,-97.75613919999999
973,Bexar,4/1/2020,207,29.426398699999996,-98.5104781
974,Denton,4/1/2020,206,33.1838787,-97.1413417
975,Collin,4/1/2020,184,33.160962899999994,-96.60609840000001
976,Fort Bend,4/1/2020,163,29.511218,-95.7807348
977,Galveston,4/1/2020,106,29.387225399999995,-94.992736
978,Lubbock,4/1/2020,100,33.563520600000004,-101.879336
979,Brazoria,4/1/2020,95,29.18161,-95.4993375
980,Montgomery,4/1/2020,93,30.301949,-95.5065944
981,Brazos,4/1/2020,53,30.65215735,-96.38111441360184
982,El Paso,4/1/2020,50,31.7754152,-106.4646348
983,Williamson,4/1/2020,50,30.658092699999997,-97.60416490000001
984,Hidalgo,4/1/2020,46,26.3530256,-98.216445
985,Webb,4/1/2020,45,27.698362100000004,-99.2523577
986,Bell,4/1/2020,44,31.008165899999998,-97.43144129999999
987,McLennan,4/1/2020,44,31.548769099999998,-97.2189254
988,Hays,4/1/2020,38,30.0447901,-98.0393127
989,Wichita,4/1/2020,38,33.9516534,-98.7088886
990,Smith,4/1/2020,37,32.3402898,-95.25639709999999
991,Nueces,4/1/2020,34,27.715377399999998,-97.61999420000001
992,Jefferson,4/1/2020,27,29.834772,-94.1704496
993,Cameron,4/1/2020,26,26.129118899999998,-97.41342809999999
994,Matagorda,4/1/2020,25,28.887982300000004,-96.00350949999999
995,Ellis,4/1/2020,20,32.33478289999999,-96.7920233
996,Guadalupe,4/1/2020,17,29.6480061,-97.8279576
997,Washington,4/1/2020,17,30.22263520000001,-96.39361140000001
998,Midland,4/1/2020,16,31.9973662,-102.0779482
999,Victoria,4/1/2020,16,28.802644300000004,-96.9766308
1000,Taylor,4/1/2020,14,32.27931210000001,-99.8812612
1001,Hardin,4/1/2020,13,30.3049642,-94.403904
1002,Johnson,4/1/2020,12,32.3766071,-97.3568623
1003,Comal,4/1/2020,11,29.797970399999997,-98.2690787
1004,Ector,4/1/2020,11,31.8941755,-102.5794339
1005,Potter,4/1/2020,10,35.3683354,-101.8776577
1006,Bowie,4/1/2020,9,33.4198886,-94.4479626
1007,Chambers,4/1/2020,9,29.7191125,-94.5412295
1008,Rockwall,4/1/2020,9,32.8923464,-96.4066987
1009,Tom Green,4/1/2020,9,31.3782559,-100.4133839
1010,Bastrop,4/1/2020,8,30.0900753,-97.3127179
1011,Castro,4/1/2020,8,34.495253600000005,-102.2592314
1012,Grayson,4/1/2020,8,33.5636114,-96.67021109999999
1013,Calhoun,4/1/2020,7,28.503157199999997,-96.6736551
1014,Hockley,4/1/2020,7,33.5714311,-102.3110415
1015,Kendall,4/1/2020,7,29.943885,-98.7258845
1016,Orange,4/1/2020,7,30.1228634,-93.9041169
1017,Wharton,4/1/2020,7,29.2454534,-96.2291474
1018,Gregg,4/1/2020,6,32.4492408,-94.8532848
1019,Hood,4/1/2020,6,32.4107555,-97.828282
1020,Randall,4/1/2020,6,34.9444713,-101.8850309
1021,Angelina,4/1/2020,5,31.254454499999998,-94.6181177
1022,Rusk,4/1/2020,5,32.051377,-94.7906553
1023,Val Verde,4/1/2020,5,29.915328600000002,-101.12846309999999
1024,Walker,4/1/2020,5,30.679574100000004,-95.5522823
1025,Wilson,4/1/2020,5,29.1589961,-98.1251465
1026,Cherokee,4/1/2020,4,31.8390826,-95.1791849
1027,De Witt,4/1/2020,4,41.8233618,-90.5381917
1028,Fayette,4/1/2020,4,29.8381635,-96.9559692
1029,Hunt,4/1/2020,4,33.1161567,-96.0808922
1030,Kaufman,4/1/2020,4,32.619916100000005,-96.2967512
1031,Nacogdoches,4/1/2020,4,31.59705030000001,-94.59274509999999
1032,Navarro,4/1/2020,4,32.027952500000005,-96.4985456
1033,Parker,4/1/2020,4,32.7599475,-97.7935767
1034,Polk,4/1/2020,4,30.7642828,-94.8192175
1035,Starr,4/1/2020,4,26.5630409,-98.7479897
1036,Terry,4/1/2020,4,33.151425399999994,-102.3328121
1037,Uvalde,4/1/2020,4,29.300357,-99.7733181
1038,Brown,4/1/2020,3,31.7525184,-98.9904722
1039,Burnet,4/1/2020,3,30.7763939,-98.1700016
1040,Cass,4/1/2020,3,33.056085700000004,-94.3510366
1041,Dawson,4/1/2020,3,32.7410762,-101.9576048
1042,Eastland,4/1/2020,3,32.2978594,-98.8630896
1043,Grimes,4/1/2020,3,30.5169334,-95.9943034
1044,Harrison,4/1/2020,3,32.5233959,-94.3982158
1045,Hopkins,4/1/2020,3,33.1368252,-95.5656578
1046,Lamar,4/1/2020,3,33.6383552,-95.582343
1047,Liberty,4/1/2020,3,30.085673600000003,-94.7856262
1048,Llano,4/1/2020,3,30.6663312,-98.6970374
1049,Medina,4/1/2020,3,29.2836281,-99.11268259999999
1050,Waller,4/1/2020,3,29.9443902,-95.9955885
1051,Wise,4/1/2020,3,33.213921299999996,-97.65639250000001
1052,Young,4/1/2020,3,33.1508315,-98.6962766
1053,Atascosa,4/1/2020,2,28.8554434,-98.5316314
1054,Austin,4/1/2020,2,30.2711286,-97.7436995
1055,Colorado,4/1/2020,2,29.6099609,-96.5478826
1056,Crane,4/1/2020,2,31.448611800000002,-102.51635440000001
1057,Deaf Smith,4/1/2020,2,34.9323974,-102.5983118
1058,Erath,4/1/2020,2,32.195485600000005,-98.2213499
1059,Hill,4/1/2020,2,31.959508500000002,-97.08816540000001
1060,Karnes,4/1/2020,2,28.879185800000002,-97.9062893
1061,Leon,4/1/2020,2,31.2715127,-95.99533819999999
1062,Limestone,4/1/2020,2,31.5261854,-96.580617
1063,Lynn,4/1/2020,2,33.1474257,-101.81259200000001
1064,Milam,4/1/2020,2,30.7626867,-96.9981706
1065,Oldham,4/1/2020,2,35.3907651,-102.6193428
1066,Robertson,4/1/2020,2,31.03390580000001,-96.5079742
1067,San Patricio,4/1/2020,2,27.997322600000004,-97.51304559999998
1068,Shelby,4/1/2020,2,31.7716364,-94.1301652
1069,Upshur,4/1/2020,2,32.7263725,-94.9286251
1070,Van Zandt,4/1/2020,2,32.5375642,-95.8292165
1071,Willacy,4/1/2020,2,26.4553947,-97.5947484
1072,Anderson,4/1/2020,1,31.781924199999995,-95.6258199
1073,Blanco,4/1/2020,1,30.2419274,-98.4004594
1074,Burleson,4/1/2020,1,30.4764878,-96.6353488
1075,Caldwell,4/1/2020,1,29.829897100000004,-97.59596409999999
1076,Camp,4/1/2020,1,32.972312800000005,-94.9852858
1077,Clay,4/1/2020,1,33.6856157,-98.2123296
1078,Comanche,4/1/2020,1,31.913017100000005,-98.527388
1079,Coryell,4/1/2020,1,31.3689333,-97.8184077
1080,Falls,4/1/2020,1,31.2320941,-96.9262126
1081,Fannin,4/1/2020,1,33.5372542,-96.0902822
1082,Franklin,4/1/2020,1,33.155212,-95.2255189
1083,Gaines,4/1/2020,1,32.7044935,-102.6220553
1084,Gonzales,4/1/2020,1,29.4436555,-97.5108636
1085,Gray,4/1/2020,1,35.3711816,-100.78922359999999
1086,Hale,4/1/2020,1,34.03212979999999,-101.8088827
1087,Henderson,4/1/2020,1,32.182598,-95.78931779999999
1088,Jackson,4/1/2020,1,28.9224028,-96.55561
1089,Kerr,4/1/2020,1,30.045717,-99.3884839
1090,Kleberg,4/1/2020,1,27.3983129,-97.7485096
1091,Lamb,4/1/2020,1,34.032166700000005,-102.3429233
1092,Lavaca,4/1/2020,1,29.3703333,-96.9334531
1093,Live Oak,4/1/2020,1,28.267874600000003,-98.101923
1094,Martin,4/1/2020,1,31.8160381,-99.51209859999999
1095,Maverick,4/1/2020,1,28.792861,-100.3110817
1096,Montague,4/1/2020,1,33.6205753,-97.7215754
1097,Moore,4/1/2020,1,35.8156121,-101.91043549999999
1098,Morris,4/1/2020,1,33.073863300000006,-94.7392197
1099,Newton,4/1/2020,1,30.8118989,-93.740504
1100,San Augustine,4/1/2020,1,31.3970365,-94.17513890000001
1101,San Jacinto,4/1/2020,1,30.5083577,-95.1902362
1102,Swisher,4/1/2020,1,34.47235,-101.7119955
1103,Wood,4/1/2020,1,32.7577475,-95.3812941
0,Harris,4/2/2020,847,29.811976899999998,-95.3741247
1,Dallas,4/2/2020,731,32.7762719,-96.7968559
2,Travis,4/2/2020,305,30.287856899999994,-97.75613919999999
3,Tarrant,4/2/2020,288,32.7513658,-97.335696
4,Denton,4/2/2020,231,33.1838787,-97.1413417
5,Bexar,4/2/2020,229,29.426398699999996,-98.5104781
6,Fort Bend,4/2/2020,194,29.511218,-95.7807348
7,Collin,4/2/2020,184,33.160962899999994,-96.60609840000001
8,Galveston,4/2/2020,118,29.387225399999995,-94.992736
9,Montgomery,4/2/2020,110,30.301949,-95.5065944
10,Brazoria,4/2/2020,109,29.18161,-95.4993375
11,Lubbock,4/2/2020,108,33.563520600000004,-101.879336
12,El Paso,4/2/2020,68,31.7754152,-106.4646348
13,Brazos,4/2/2020,63,30.65215735,-96.38111441360184
14,Hidalgo,4/2/2020,62,26.3530256,-98.216445
15,Webb,4/2/2020,57,27.698362100000004,-99.2523577
16,Williamson,4/2/2020,55,30.658092699999997,-97.60416490000001
17,McLennan,4/2/2020,48,31.548769099999998,-97.2189254
18,Smith,4/2/2020,47,32.3402898,-95.25639709999999
19,Bell,4/2/2020,46,31.008165899999998,-97.43144129999999
20,Hays,4/2/2020,42,30.0447901,-98.0393127
21,Nueces,4/2/2020,40,27.715377399999998,-97.61999420000001
22,Wichita,4/2/2020,38,33.9516534,-98.7088886
23,Cameron,4/2/2020,37,26.129118899999998,-97.41342809999999
24,Jefferson,4/2/2020,31,29.834772,-94.1704496
25,Matagorda,4/2/2020,29,28.887982300000004,-96.00350949999999
26,Ellis,4/2/2020,26,32.33478289999999,-96.7920233
27,Guadalupe,4/2/2020,20,29.6480061,-97.8279576
28,Victoria,4/2/2020,20,28.802644300000004,-96.9766308
29,Johnson,4/2/2020,17,32.3766071,-97.3568623
30,Randall,4/2/2020,17,34.9444713,-101.8850309
31,Washington,4/2/2020,17,30.22263520000001,-96.39361140000001
32,Midland,4/2/2020,16,31.9973662,-102.0779482
33,Potter,4/2/2020,16,35.3683354,-101.8776577
34,Hardin,4/2/2020,14,30.3049642,-94.403904
35,Taylor,4/2/2020,14,32.27931210000001,-99.8812612
36,Comal,4/2/2020,12,29.797970399999997,-98.2690787
37,Ector,4/2/2020,12,31.8941755,-102.5794339
38,Grayson,4/2/2020,11,33.5636114,-96.67021109999999
39,Bastrop,4/2/2020,10,30.0900753,-97.3127179
40,Rockwall,4/2/2020,10,32.8923464,-96.4066987
41,Bowie,4/2/2020,9,33.4198886,-94.4479626
42,Chambers,4/2/2020,9,29.7191125,-94.5412295
43,Tom Green,4/2/2020,9,31.3782559,-100.4133839
44,Wharton,4/2/2020,9,29.2454534,-96.2291474
45,Calhoun,4/2/2020,8,28.503157199999997,-96.6736551
46,Castro,4/2/2020,8,34.495253600000005,-102.2592314
47,Kendall,4/2/2020,8,29.943885,-98.7258845
48,Gregg,4/2/2020,7,32.4492408,-94.8532848
49,Hockley,4/2/2020,7,33.5714311,-102.3110415
50,Orange,4/2/2020,7,30.1228634,-93.9041169
51,Walker,4/2/2020,7,30.679574100000004,-95.5522823
52,Hood,4/2/2020,6,32.4107555,-97.828282
53,Moore,4/2/2020,6,35.8156121,-101.91043549999999
54,Rusk,4/2/2020,6,32.051377,-94.7906553
55,Angelina,4/2/2020,5,31.254454499999998,-94.6181177
56,Cherokee,4/2/2020,5,31.8390826,-95.1791849
57,Harrison,4/2/2020,5,32.5233959,-94.3982158
58,Kaufman,4/2/2020,5,32.619916100000005,-96.2967512
59,Nacogdoches,4/2/2020,5,31.59705030000001,-94.59274509999999
60,Starr,4/2/2020,5,26.5630409,-98.7479897
61,Val Verde,4/2/2020,5,29.915328600000002,-101.12846309999999
62,Waller,4/2/2020,5,29.9443902,-95.9955885
63,Wilson,4/2/2020,5,29.1589961,-98.1251465
64,Austin,4/2/2020,4,30.2711286,-97.7436995
65,Burnet,4/2/2020,4,30.7763939,-98.1700016
66,Cass,4/2/2020,4,33.056085700000004,-94.3510366
67,De Witt,4/2/2020,4,41.8233618,-90.5381917
68,Fayette,4/2/2020,4,29.8381635,-96.9559692
69,Hunt,4/2/2020,4,33.1161567,-96.0808922
70,Liberty,4/2/2020,4,30.085673600000003,-94.7856262
71,Navarro,4/2/2020,4,32.027952500000005,-96.4985456
72,Parker,4/2/2020,4,32.7599475,-97.7935767
73,Polk,4/2/2020,4,30.7642828,-94.8192175
74,Shelby,4/2/2020,4,31.7716364,-94.1301652
75,Terry,4/2/2020,4,33.151425399999994,-102.3328121
76,Uvalde,4/2/2020,4,29.300357,-99.7733181
77,Brown,4/2/2020,3,31.7525184,-98.9904722
78,Dawson,4/2/2020,3,32.7410762,-101.9576048
79,Eastland,4/2/2020,3,32.2978594,-98.8630896
80,Grimes,4/2/2020,3,30.5169334,-95.9943034
81,Hill,4/2/2020,3,31.959508500000002,-97.08816540000001
82,Hopkins,4/2/2020,3,33.1368252,-95.5656578
83,Lamar,4/2/2020,3,33.6383552,-95.582343
84,Limestone,4/2/2020,3,31.5261854,-96.580617
85,Llano,4/2/2020,3,30.6663312,-98.6970374
86,Lynn,4/2/2020,3,33.1474257,-101.81259200000001
87,Maverick,4/2/2020,3,28.792861,-100.3110817
88,Medina,4/2/2020,3,29.2836281,-99.11268259999999
89,Panola,4/2/2020,3,32.1367712,-94.3130073
90,Upshur,4/2/2020,3,32.7263725,-94.9286251
91,Van Zandt,4/2/2020,3,32.5375642,-95.8292165
92,Willacy,4/2/2020,3,26.4553947,-97.5947484
93,Wise,4/2/2020,3,33.213921299999996,-97.65639250000001
94,Young,4/2/2020,3,33.1508315,-98.6962766
95,Atascosa,4/2/2020,2,28.8554434,-98.5316314
96,Colorado,4/2/2020,2,29.6099609,-96.5478826
97,Crane,4/2/2020,2,31.448611800000002,-102.51635440000001
98,Deaf Smith,4/2/2020,2,34.9323974,-102.5983118
99,Erath,4/2/2020,2,32.195485600000005,-98.2213499
100,Jackson,4/2/2020,2,28.9224028,-96.55561
101,Jasper,4/2/2020,2,30.7485258,-94.000884
102,Karnes,4/2/2020,2,28.879185800000002,-97.9062893
103,Kleberg,4/2/2020,2,27.3983129,-97.7485096
104,Leon,4/2/2020,2,31.2715127,-95.99533819999999
105,Live Oak,4/2/2020,2,28.267874600000003,-98.101923
106,Milam,4/2/2020,2,30.7626867,-96.9981706
107,Oldham,4/2/2020,2,35.3907651,-102.6193428
108,Robertson,4/2/2020,2,31.03390580000001,-96.5079742
109,San Patricio,4/2/2020,2,27.997322600000004,-97.51304559999998
110,Anderson,4/2/2020,1,31.781924199999995,-95.6258199
111,Blanco,4/2/2020,1,30.2419274,-98.4004594
112,Burleson,4/2/2020,1,30.4764878,-96.6353488
113,Caldwell,4/2/2020,1,29.829897100000004,-97.59596409999999
114,Camp,4/2/2020,1,32.972312800000005,-94.9852858
115,Clay,4/2/2020,1,33.6856157,-98.2123296
116,Comanche,4/2/2020,1,31.913017100000005,-98.527388
117,Coryell,4/2/2020,1,31.3689333,-97.8184077
118,Donley,4/2/2020,1,34.9315007,-100.8145306
119,Falls,4/2/2020,1,31.2320941,-96.9262126
120,Fannin,4/2/2020,1,33.5372542,-96.0902822
121,Franklin,4/2/2020,1,33.155212,-95.2255189
122,Gaines,4/2/2020,1,32.7044935,-102.6220553
123,Gillespie,4/2/2020,1,30.2954086,-98.9086643
124,Goliad,4/2/2020,1,28.6467776,-97.4379552
125,Gonzales,4/2/2020,1,29.4436555,-97.5108636
126,Gray,4/2/2020,1,35.3711816,-100.78922359999999
127,Hale,4/2/2020,1,34.03212979999999,-101.8088827
128,Henderson,4/2/2020,1,32.182598,-95.78931779999999
129,Jim Wells,4/2/2020,1,27.8067733,-98.10846009999999
130,Kerr,4/2/2020,1,30.045717,-99.3884839
131,Lamb,4/2/2020,1,34.032166700000005,-102.3429233
132,Lavaca,4/2/2020,1,29.3703333,-96.9334531
133,Lee,4/2/2020,1,30.3031353,-96.9588587
134,Martin,4/2/2020,1,31.8160381,-99.51209859999999
135,Montague,4/2/2020,1,33.6205753,-97.7215754
136,Morris,4/2/2020,1,33.073863300000006,-94.7392197
137,Newton,4/2/2020,1,30.8118989,-93.740504
138,Palo Pinto,4/2/2020,1,32.7215726,-98.2814881
139,San Augustine,4/2/2020,1,31.3970365,-94.17513890000001
140,San Jacinto,4/2/2020,1,30.5083577,-95.1902362
141,Swisher,4/2/2020,1,34.47235,-101.7119955
142,Wood,4/2/2020,1,32.7577475,-95.3812941
